{"name":"1df068a7-a50d-4080-af52-54a78c812a24","id":"/providers/Microsoft.Flow/flows/1df068a7-a50d-4080-af52-54a78c812a24","type":"Microsoft.Flow/flows","properties":{"apiId":"/providers/Microsoft.PowerApps/apis/shared_logicflows","displayName":"SuperCharge - VM Request","definition":{"metadata":{"workflowEntityId":null,"creator":{"id":"03de6f0a-447e-4556-a96e-f2e04bdd1196","type":"User","tenantId":"72f988bf-86f1-41af-91ab-2d7cd011db47"},"provisioningMethod":"FromDefinition","failureAlertSubscription":true,"clientLastModifiedTime":"2019-06-22T21:01:18.2239813Z"},"$schema":"https://schema.management.azure.com/providers/Microsoft.Logic/schemas/2016-06-01/workflowdefinition.json#","contentVersion":"1.0.0.0","parameters":{"$connections":{"defaultValue":{},"type":"Object"},"$authentication":{"defaultValue":{},"type":"SecureObject"}},"triggers":{"When_a_new_response_is_submitted":{"metadata":{"flowSystemMetadata":{"swaggerOperationId":"CreateFormWebhook"}},"type":"ApiConnectionWebhook","inputs":{"host":{"connection":{"name":"@parameters('$connections')['shared_microsoftforms']['connectionId']"},"api":{"runtimeUrl":"https://firstrelease-001.azure-apim.net/apim/microsoftforms"}},"body":{"eventType":"responseAdded","notificationUrl":"@{listCallbackUrl()}","source":"ms-connector"},"path":"/formapi/api/forms/@{encodeURIComponent('v4j5cvGGr0GRqy180BHbRwpv3gN-RFZFqW7y4EvdEZZUMzJBME1QSTc3Q1Q3RjI4WTE5UDgxVko0Qi4u')}/webhooks","authentication":"@parameters('$authentication')"}}},"actions":{"Apply_to_each":{"foreach":"@triggerBody()?['value']","actions":{"Get_response_details":{"runAfter":{},"metadata":{"flowSystemMetadata":{"swaggerOperationId":"GetFormResponseById"}},"type":"ApiConnection","inputs":{"host":{"connection":{"name":"@parameters('$connections')['shared_microsoftforms']['connectionId']"},"api":{"runtimeUrl":"https://firstrelease-001.azure-apim.net/apim/microsoftforms"}},"method":"get","path":"/formapi/api/forms('@{encodeURIComponent('v4j5cvGGr0GRqy180BHbRwpv3gN-RFZFqW7y4EvdEZZUMzJBME1QSTc3Q1Q3RjI4WTE5UDgxVko0Qi4u')}')/responses","queries":{"response_id":"@items('Apply_to_each')?['resourceData']?['responseId']"},"authentication":"@parameters('$authentication')"}},"HTTP":{"runAfter":{"Get_user_profile_(V2)":["Succeeded"]},"type":"Http","inputs":{"method":"POST","uri":"https://superchargefunc.azurewebsites.net/api/VMProxy","queries":{"code":"2F0SpkFcTHiayS02ewy9ijIGVAoolYFuVdM8caKJv89DzV56YxCZag==","alias":"@body('Get_user_profile_(V2)')?['mailNickname']","os":"@body('Get_response_details')?['refe78d912da64b6ab6e8a1a7d2747107']"}}},"Parse_JSON":{"runAfter":{"HTTP":["Succeeded"]},"type":"ParseJson","inputs":{"content":"@body('HTTP')","schema":{"type":"object","properties":{"buildId":{"type":"string"},"url":{"type":"string"}}}}},"Create_item":{"runAfter":{"Parse_JSON":["Succeeded"]},"metadata":{"flowSystemMetadata":{"swaggerOperationId":"PostItem"}},"type":"ApiConnection","inputs":{"host":{"connection":{"name":"@parameters('$connections')['shared_sharepointonline']['connectionId']"},"api":{"runtimeUrl":"https://firstrelease-001.azure-apim.net/apim/sharepointonline"}},"method":"post","body":{"Title":"@body('Get_user_profile_(V2)')?['mailNickname']","OS":{"Value":"@body('Get_response_details')?['refe78d912da64b6ab6e8a1a7d2747107']"},"Purpose":"@body('Get_response_details')?['r2bea39327654415285cceeff9a59c4e9']","EndDate":"@body('Get_response_details')?['rac8d7f186aba46198dc83fbe863e41ea']"},"path":"/datasets/@{encodeURIComponent(encodeURIComponent('https://microsoft.sharepoint.com/teams/Super-chargeMSTeamswithFlowAzureOffice365'))}/tables/@{encodeURIComponent(encodeURIComponent('7dc20ec9-6bda-4940-ad0b-d5b7f63b08e7'))}/items","authentication":"@parameters('$authentication')"}},"Send_an_email":{"runAfter":{"Create_item":["Succeeded"]},"metadata":{"flowSystemMetadata":{"swaggerOperationId":"SendEmail"}},"type":"ApiConnection","inputs":{"host":{"connection":{"name":"@parameters('$connections')['shared_office365']['connectionId']"},"api":{"runtimeUrl":"https://firstrelease-001.azure-apim.net/apim/office365"}},"method":"post","body":{"To":"leowu@microsoft.com;","Subject":"SuperCharge VM Request","Body":"* Requester: \n@{body('Get_user_profile_(V2)')?['displayName']}\n\n* Requester's alias: \n@{body('Get_user_profile_(V2)')?['mailNickname']}\n\n* OS: \n@{body('Get_response_details')?['refe78d912da64b6ab6e8a1a7d2747107']}\n\n* Purpose: \n@{body('Get_response_details')?['r2bea39327654415285cceeff9a59c4e9']}\n\n* End date: \n@{body('Get_response_details')?['rac8d7f186aba46198dc83fbe863e41ea']}\n\n@{body('Parse_JSON')?['buildId']}\n@{if(equals(body('Parse_JSON')?['url'], ''), 'Error queuing vmproxy in Azure DevOps pipeline', body('Parse_JSON')?['url'])}"},"path":"/Mail","authentication":"@parameters('$authentication')"}},"Post_your_own_adaptive_card_as_the_Flow_bot_to_a_channel":{"runAfter":{"Create_item":["Succeeded"]},"metadata":{"flowSystemMetadata":{"swaggerOperationId":"PostChannelAdaptiveCard"}},"type":"ApiConnection","inputs":{"host":{"connection":{"name":"@parameters('$connections')['shared_teams']['connectionId']"},"api":{"runtimeUrl":"https://firstrelease-001.azure-apim.net/apim/teams"}},"method":"post","body":{"recipient":{"channelId":"19:745132a6943f4d9e84934920c52e06f4@thread.skype"},"messageBody":"{\n    \"type\": \"AdaptiveCard\",\n    \"body\": [\n        {\n            \"type\": \"Container\",\n            \"items\": [\n                {\n                    \"type\": \"TextBlock\",\n                    \"size\": \"Medium\",\n                    \"weight\": \"Bolder\",\n                    \"text\": \"SuperCharge VM Requested\"\n                },\n                {\n                    \"type\": \"ColumnSet\",\n                    \"columns\": [\n                        {\n                            \"type\": \"Column\",\n                            \"items\": [\n                                {\n                                    \"type\": \"Image\",\n                                    \"url\": \"https://ui-avatars.com/api/?name=+\",\n                                    \"size\": \"Small\"\n                                }\n                            ],\n                            \"width\": \"auto\"\n                        },\n                        {\n                            \"type\": \"Column\",\n                            \"items\": [\n                                {\n                                    \"type\": \"TextBlock\",\n                                    \"weight\": \"Bolder\",\n                                    \"text\": \"@{body('Get_user_profile_(V2)')?['displayName']}\",\n                                    \"wrap\": true\n                                },\n                                {\n                                    \"type\": \"TextBlock\",\n                                    \"spacing\": \"None\",\n                                    \"text\": \"@{body('Get_user_profile_(V2)')?['mailNickname']}\",\n                                    \"isSubtle\": true,\n                                    \"wrap\": true\n                                }\n                            ],\n                            \"width\": \"stretch\"\n                        }\n                    ]\n                }\n            ]\n        },\n        {\n            \"type\": \"Container\",\n            \"items\": [\n                {\n                    \"type\": \"TextBlock\",\n                    \"text\": \"Specifications:\",\n                    \"wrap\": true\n                },\n                {\n                    \"type\": \"FactSet\",\n                    \"spacing\": \"None\",\n                    \"facts\": [\n                        {\n                            \"title\": \"OS:\",\n                            \"value\": \"@{body('Get_response_details')?['refe78d912da64b6ab6e8a1a7d2747107']}\"\n                        },\n                        {\n                            \"title\": \"Purpose:\",\n                            \"value\": \"@{body('Get_response_details')?['r2bea39327654415285cceeff9a59c4e9']}\"\n                        },\n                        {\n                            \"title\": \"End Date:\",\n                            \"value\": \"@{body('Get_response_details')?['rac8d7f186aba46198dc83fbe863e41ea']}\"\n                        }\n                    ]\n                }\n            ]\n        }\n    ],\n    \"actions\": [\n        {\n            \"type\": \"Action.OpenUrl\",\n            \"title\": \"View your request\",\n            \"url\": \"@{body('Create_item')?['{Link}']}\"\n        }\n    ],\n    \"$schema\": \"http://adaptivecards.io/schemas/adaptive-card.json\",\n    \"version\": \"1.0\"\n}"},"path":"/flowbot/actions/adaptivecard/recipienttypes/channel","queries":{"groupId":"69b7dc6f-fb7b-4571-9949-825d434c04e2"},"authentication":"@parameters('$authentication')"}},"Get_user_profile_(V2)":{"runAfter":{"Get_response_details":["Succeeded"]},"metadata":{"flowSystemMetadata":{"swaggerOperationId":"UserProfile_V2"}},"type":"ApiConnection","inputs":{"host":{"connection":{"name":"@parameters('$connections')['shared_office365users']['connectionId']"},"api":{"runtimeUrl":"https://firstrelease-001.azure-apim.net/apim/office365users"}},"method":"get","path":"/codeless/v1.0/users/@{encodeURIComponent(body('Get_response_details')?['responder'])}","authentication":"@parameters('$authentication')"}}},"runAfter":{},"type":"Foreach"}}},"connectionReferences":{"shared_microsoftforms":{"connectionName":"shared-microsoftform-b5cae031-ceb2-453b-a689-f4c15a0e97de","source":"Embedded","id":"/providers/Microsoft.PowerApps/apis/shared_microsoftforms","tier":"NotSpecified"},"shared_sharepointonline":{"connectionName":"shared-sharepointonl-c7373a03-9c0c-4475-bba8-a0223fcd5682","source":"Embedded","id":"/providers/Microsoft.PowerApps/apis/shared_sharepointonline","tier":"NotSpecified"},"shared_office365":{"connectionName":"shared-office365-d214988f-9874-448c-b3de-df095a0a3334","source":"Embedded","id":"/providers/Microsoft.PowerApps/apis/shared_office365","tier":"NotSpecified"},"shared_teams":{"connectionName":"shared-teams-641fda35-aa18-4db9-830d-cb8946214951","source":"Embedded","id":"/providers/Microsoft.PowerApps/apis/shared_teams","tier":"NotSpecified"},"shared_office365users":{"connectionName":"shared-office365user-ec147fa5-77b9-435f-961d-a8e42f9a961e","source":"Embedded","id":"/providers/Microsoft.PowerApps/apis/shared_office365users","tier":"NotSpecified"}},"flowFailureAlertSubscribed":false}}